algoritmo,custo_s,nos_expandidos,elapsed_ms,tamanho_caminho
dijkstra_simples,714.3670639533375,11887,10137.316234999162,113
dijkstra_heap,714.3670639533375,11888,25.34124300291296,113
a_star,714.3670639533375,4799,31.173502997262403,113
dijkstra_bidirecional,714.3670639533376,5081,11.506745002407115,113
