algoritmo,custo_s,nos_expandidos,elapsed_ms,tamanho_caminho
dijkstra_simples,714.3670639533375,11887,24755.57648600079,113
dijkstra_heap,714.3670639533375,11888,61.16948599810712,113
a_star,714.3670639533375,4799,77.8112659972976,113
dijkstra_bidirecional,714.3670639533376,5081,28.05141499993624,113
