algoritmo,custo_s,nos_expandidos,elapsed_ms,tamanho_caminho
dijkstra_simples,714.3670639533375,11885,13012.928499956615,113
dijkstra_heap,714.3670639533375,11886,35.803499980829656,113
a_star,714.3670639533375,4799,59.5146999694407,113
dijkstra_bidirecional,714.3670639533376,5079,20.565600018016994,113
