algoritmo,custo_s,nos_expandidos,elapsed_ms,tamanho_caminho
dijkstra_simples,714.3670639533375,11887,10106.162074996973,113
dijkstra_heap,714.3670639533375,11888,24.714636005228385,113
a_star,714.3670639533375,4799,31.141494000621606,113
dijkstra_bidirecional,714.3670639533376,5081,11.768350996135268,113
