algoritmo,custo_s,nos_expandidos,elapsed_ms,tamanho_caminho
dijkstra_simples,714.3670639533375,11887,16984.478059999674,113
dijkstra_heap,714.3670639533375,11888,43.16968700004509,113
a_star,714.3670639533375,4799,54.95273999986239,113
dijkstra_bidirecional,714.3670639533376,5081,19.20347600025707,113
