algoritmo,custo_s,nos_expandidos,elapsed_ms,tamanho_caminho
dijkstra_simples,714.3670639533375,11887,30687.005948999285,113
dijkstra_heap,714.3670639533375,11888,99.24906000014744,113
a_star,714.3670639533375,4799,124.44314100139309,113
dijkstra_bidirecional,714.3670639533376,5081,47.33489499994903,113
