algoritmo,custo_s,nos_expandidos,elapsed_ms,tamanho_caminho
dijkstra_simples,714.3670639533375,11885,14002.578899962828,113
dijkstra_heap,714.3670639533375,11886,37.2366999508813,113
a_star,714.3670639533375,4799,51.23049998655915,113
dijkstra_bidirecional,714.3670639533376,5079,19.217100052628666,113
