{
  "comparacao_algoritmos": [
    {
      "algoritmo": "dijkstra_simples",
      "custo_s": 714.3670639533375,
      "nos_expandidos": 11887,
      "elapsed_ms": 10074.712399997225,
      "tamanho_caminho": 113
    },
    {
      "algoritmo": "dijkstra_heap",
      "custo_s": 714.3670639533375,
      "nos_expandidos": 11888,
      "elapsed_ms": 26.695772998209577,
      "tamanho_caminho": 113
    },
    {
      "algoritmo": "a_star",
      "custo_s": 714.3670639533375,
      "nos_expandidos": 4799,
      "elapsed_ms": 32.86151500651613,
      "tamanho_caminho": 113
    },
    {
      "algoritmo": "dijkstra_bidirecional",
      "custo_s": 714.3670639533376,
      "nos_expandidos": 5081,
      "elapsed_ms": 12.329388002399355,
      "tamanho_caminho": 113
    }
  ],
  "melhor_algoritmo_runtime": "dijkstra_bidirecional",
  "melhor_X_sem_transito": {
    "cenario": "sem_transito",
    "x_metros": 500.0,
    "erro": NaN,
    "observacao": "Embarque a 239.6 m a pé de A",
    "d_walk_m": 239.64146620664127,
    "t_walk_s": 172.54185566878172,
    "d_drive_m": 10265.549752375997,
    "t_drive_s": 688.3678598420951,
    "d_total_m": 10505.191218582639,
    "t_total_s": 860.9097155108768
  },
  "melhor_X_com_transito": {
    "cenario": "com_transito",
    "x_metros": 500.0,
    "erro": NaN,
    "observacao": "Embarque a 218.2 m a pé de A",
    "d_walk_m": 218.24583344090306,
    "t_walk_s": 157.1370000774502,
    "d_drive_m": 10946.443209212635,
    "t_drive_s": 1200.1356689662862,
    "d_total_m": 11164.68904265354,
    "t_total_s": 1357.2726690437364
  },
  "resumo_transito": {
    "media_geral": 1.2422227474284728,
    "media_por_tipo": {
      "trunk_link": 2.008505646476246,
      "primary": 2.0070355440728296,
      "trunk": 1.984754086732741,
      "primary_link": 1.7843553811932857,
      "secondary_link": 1.5053362857617434,
      "secondary": 1.4979359207370784,
      "tertiary": 1.3494514988002095,
      "tertiary_link": 1.3491980622417046,
      "residential": 1.1500827894933592,
      "unclassified": 1.1470003406000797,
      "living_street": 1.0995305954932442
    },
    "qtd_arestas": 56288
  }
}