{
  "comparacao_algoritmos": [
    {
      "algoritmo": "dijkstra_simples",
      "custo_s": 714.3670639533375,
      "nos_expandidos": 11885,
      "elapsed_ms": 13012.928499956615,
      "tamanho_caminho": 113
    },
    {
      "algoritmo": "dijkstra_heap",
      "custo_s": 714.3670639533375,
      "nos_expandidos": 11886,
      "elapsed_ms": 35.803499980829656,
      "tamanho_caminho": 113
    },
    {
      "algoritmo": "a_star",
      "custo_s": 714.3670639533375,
      "nos_expandidos": 4799,
      "elapsed_ms": 59.5146999694407,
      "tamanho_caminho": 113
    },
    {
      "algoritmo": "dijkstra_bidirecional",
      "custo_s": 714.3670639533376,
      "nos_expandidos": 5079,
      "elapsed_ms": 20.565600018016994,
      "tamanho_caminho": 113
    }
  ],
  "melhor_algoritmo_runtime": "dijkstra_bidirecional",
  "melhor_X_sem_transito": {
    "cenario": "sem_transito",
    "x_metros": 0.0,
    "d_walk_m": 0.0,
    "t_walk_s": 0.0,
    "d_drive_m": 10614.525571985054,
    "t_drive_s": 714.3670639533375,
    "d_total_m": 10614.525571985054,
    "t_total_s": 714.3670639533375
  },
  "melhor_X_com_transito": {
    "cenario": "com_transito",
    "x_metros": 0.0,
    "d_walk_m": 0.0,
    "t_walk_s": 0.0,
    "d_drive_m": 10584.414949348362,
    "t_drive_s": 1211.8178820083695,
    "d_total_m": 10584.414949348362,
    "t_total_s": 1211.8178820083695
  },
  "resumo_transito": {
    "media_geral": 1.242150427485902,
    "media_por_tipo": {
      "trunk_link": 2.0215243938700054,
      "primary": 2.001666951237359,
      "trunk": 1.9791550758333232,
      "primary_link": 1.8196763275730623,
      "secondary_link": 1.5150454871019816,
      "secondary": 1.495886838756096,
      "tertiary_link": 1.3585609621855315,
      "tertiary": 1.350062399804695,
      "unclassified": 1.1519788603148011,
      "residential": 1.150106554818286,
      "living_street": 1.0961339451962708
    },
    "qtd_arestas": 56285
  }
}