{
  "comparacao_algoritmos": [
    {
      "algoritmo": "dijkstra_simples",
      "custo_s": 714.3670639533375,
      "nos_expandidos": 11885,
      "elapsed_ms": 14002.578899962828,
      "tamanho_caminho": 113
    },
    {
      "algoritmo": "dijkstra_heap",
      "custo_s": 714.3670639533375,
      "nos_expandidos": 11886,
      "elapsed_ms": 37.2366999508813,
      "tamanho_caminho": 113
    },
    {
      "algoritmo": "a_star",
      "custo_s": 714.3670639533375,
      "nos_expandidos": 4799,
      "elapsed_ms": 51.23049998655915,
      "tamanho_caminho": 113
    },
    {
      "algoritmo": "dijkstra_bidirecional",
      "custo_s": 714.3670639533376,
      "nos_expandidos": 5079,
      "elapsed_ms": 19.217100052628666,
      "tamanho_caminho": 113
    }
  ],
  "melhor_algoritmo_runtime": "dijkstra_bidirecional",
  "melhor_X_sem_transito": {
    "cenario": "sem_transito",
    "x_metros": 0.0,
    "d_walk_m": 0.0,
    "t_walk_s": 0.0,
    "d_drive_m": 10614.525571985054,
    "t_drive_s": 714.3670639533375,
    "d_total_m": 10614.525571985054,
    "t_total_s": 714.3670639533375
  },
  "melhor_X_com_transito": {
    "cenario": "com_transito",
    "x_metros": 0.0,
    "d_walk_m": 0.0,
    "t_walk_s": 0.0,
    "d_drive_m": 10584.414949348362,
    "t_drive_s": 1211.8178820083695,
    "d_total_m": 10584.414949348362,
    "t_total_s": 1211.8178820083695
  },
  "resumo_transito": {
    "media_geral": 1.2421468131302418,
    "media_por_tipo": {
      "trunk_link": 2.0178008972915857,
      "primary": 2.0018359963131878,
      "trunk": 1.9791550758333232,
      "primary_link": 1.8196763275730623,
      "secondary_link": 1.5143420892055013,
      "secondary": 1.495909062828433,
      "tertiary_link": 1.3585609621855315,
      "tertiary": 1.350062399804695,
      "unclassified": 1.1515954607874463,
      "residential": 1.1501103427586656,
      "living_street": 1.0962143924355703
    },
    "qtd_arestas": 56285
  }
}