{
  "comparacao_algoritmos": [
    {
      "algoritmo": "dijkstra_simples",
      "custo_s": 714.3670639533375,
      "nos_expandidos": 11887,
      "elapsed_ms": 30687.005948999285,
      "tamanho_caminho": 113
    },
    {
      "algoritmo": "dijkstra_heap",
      "custo_s": 714.3670639533375,
      "nos_expandidos": 11888,
      "elapsed_ms": 99.24906000014744,
      "tamanho_caminho": 113
    },
    {
      "algoritmo": "a_star",
      "custo_s": 714.3670639533375,
      "nos_expandidos": 4799,
      "elapsed_ms": 124.44314100139309,
      "tamanho_caminho": 113
    },
    {
      "algoritmo": "dijkstra_bidirecional",
      "custo_s": 714.3670639533376,
      "nos_expandidos": 5081,
      "elapsed_ms": 47.33489499994903,
      "tamanho_caminho": 113
    }
  ],
  "melhor_algoritmo_runtime": "dijkstra_bidirecional",
  "melhor_X_sem_transito": {
    "cenario": "sem_transito",
    "x_metros": 800.0,
    "d_walk_m": 239.64146620664127,
    "t_walk_s": 172.54185566878172,
    "d_drive_m": 10265.549752375997,
    "t_drive_s": 688.3678598420951,
    "d_total_m": 10505.191218582639,
    "t_total_s": 860.9097155108768,
    "observacao": "Ponto a pé selecionado (caminhada de 239.6 m)"
  },
  "melhor_X_com_transito": {
    "cenario": "com_transito",
    "x_metros": 0.0,
    "d_walk_m": 218.24583344090306,
    "t_walk_s": 157.1370000774502,
    "d_drive_m": 10946.443209212635,
    "t_drive_s": 1200.1356689662862,
    "d_total_m": 11164.68904265354,
    "t_total_s": 1357.2726690437364,
    "observacao": "Ponto a pé selecionado (caminhada de 218.2 m)"
  },
  "resumo_transito": {
    "media_geral": 1.2422078622056623,
    "media_por_tipo": {
      "trunk_link": 2.008505646476246,
      "primary": 2.0070819668041744,
      "trunk": 1.984754086732741,
      "primary_link": 1.7843553811932857,
      "secondary_link": 1.5061396689222297,
      "secondary": 1.4978921634630418,
      "tertiary": 1.3494514988002095,
      "tertiary_link": 1.3491980622417046,
      "residential": 1.150084648491799,
      "unclassified": 1.1470003406000797,
      "living_street": 1.0993165549693078
    },
    "qtd_arestas": 56288
  }
}